{"name":"build-javascript","namedChunkGroups":{"polyfill":{"name":"polyfill","assets":[{"name":"webpack-runtime-b2f2325afb9c56a8d444.js","size":4358},{"name":"polyfill-82df740e7cad994d0af0.js","size":85870}],"filteredAssets":0,"assetsSize":90228,"filteredAuxiliaryAssets":2,"auxiliaryAssetsSize":225723},"app":{"name":"app","assets":[{"name":"webpack-runtime-b2f2325afb9c56a8d444.js","size":4358},{"name":"framework-d56718bb68ef348a9585.js","size":128738},{"name":"app-1c71669534448e7818fa.js","size":69180}],"filteredAssets":0,"assetsSize":202276,"filteredAuxiliaryAssets":3,"auxiliaryAssetsSize":640945},"component---src-pages-404-js":{"name":"component---src-pages-404-js","assets":[{"name":"component---src-pages-404-js-c3b9c5bbd1f95fee958c.js","size":402}],"filteredAssets":0,"assetsSize":402,"filteredAuxiliaryAssets":1,"auxiliaryAssetsSize":427},"component---src-pages-index-js":{"name":"component---src-pages-index-js","assets":[{"name":"styles.18d24d35b8eb0ac2acc8.css","size":154618},{"name":"component---src-pages-index-js-864ab3c52f07b8231ed7.js","size":65441}],"filteredAssets":0,"assetsSize":220059,"filteredAuxiliaryAssets":15,"auxiliaryAssetsSize":9599282}},"assetsByChunkName":{"polyfill":["webpack-runtime-b2f2325afb9c56a8d444.js","polyfill-82df740e7cad994d0af0.js"],"app":["webpack-runtime-b2f2325afb9c56a8d444.js","framework-d56718bb68ef348a9585.js","app-1c71669534448e7818fa.js"],"component---src-pages-404-js":["component---src-pages-404-js-c3b9c5bbd1f95fee958c.js"],"component---src-pages-index-js":["styles.18d24d35b8eb0ac2acc8.css","component---src-pages-index-js-864ab3c52f07b8231ed7.js"]},"childAssetsByChunkName":{}}